initial_captial,usd_balance,max_usd,min_usd,win,lose,win_rate,total_fee,total_profit,risk_portion,win_ratio
10000,11689.243104082987,11689.243104082987,9980,88,8,0.9166666666666666,165.4486113590143,1689.2431040829836,0.01,1
10000,11729.505978510575,11729.505978510575,9980,88,8,0.9166666666666666,165.73294211409635,1729.5059785105682,0.01,1.02
10000,11769.9059321321,11769.9059321321,9980,88,8,0.9166666666666666,166.01792371530382,1769.9059321321035,0.01,1.04
10000,11810.443426188844,11810.443426188844,9980,88,8,0.9166666666666666,166.30355780613962,1810.4434261888491,0.01,1.06
10000,11851.11892345568,11851.11892345568,9980,88,8,0.9166666666666666,166.58984603445816,1851.118923455678,0.01,1.08
10000,11891.932888246096,11891.932888246096,9980,88,8,0.9166666666666666,166.87679005247804,1891.9328882461032,0.01,1.1
10000,11882.403431158718,11882.403431158718,9980,87,9,0.90625,167.07263702235932,1882.4034311587186,0.01,1.12
10000,11922.846040232935,11922.846040232935,9980,87,9,0.90625,167.35973705861838,1922.8460402329226,0.01,1.1400000000000001
10000,11963.424688295114,11963.424688295114,9980,87,9,0.90625,167.64749141775812,1963.424688295113,0.01,1.1600000000000001
10000,12004.13982753125,12004.13982753125,9980,87,9,0.90625,167.9359017405973,2004.1398275312376,0.01,1.1800000000000002
10000,12044.991911612271,12044.991911612271,9980,87,9,0.90625,168.22496967226095,2044.9919116122753,0.01,1.2000000000000002
10000,12085.981395699062,12085.981395699062,9980,87,9,0.90625,168.5146968621922,2085.981395699068,0.01,1.2200000000000002
10000,12127.108736447162,12127.108736447162,9980,87,9,0.90625,168.8050849641644,2127.1087364471587,0.01,1.2400000000000002
10000,12168.374392011612,12168.374392011612,9980,87,9,0.90625,169.09613563629074,2168.3743920116176,0.01,1.2600000000000002
10000,12154.244398747043,12154.244398747043,9980,86,10,0.8958333333333334,169.3044725475452,2154.2443987470456,0.01,1.2800000000000002
10000,12195.112550131089,12195.112550131089,9980,86,10,0.8958333333333334,169.595854813551,2195.1125501310803,0.01,1.3000000000000003
10000,12236.116492505715,12236.116492505715,9980,86,10,0.8958333333333334,169.8878991583569,2236.1164925057246,0.01,1.3200000000000003
10000,12268.249861988495,12268.249861988495,9980,85,11,0.8854166666666666,170.15865004746215,2268.2498619884955,0.01,1.3400000000000003
10000,12309.419260769104,12309.419260769104,9980,85,11,0.8854166666666666,170.45176762106314,2309.419260769102,0.01,1.3600000000000003
10000,12233.74819401069,12233.74819401069,9980,83,13,0.8645833333333334,170.5334916614207,2233.748194010691,0.01,1.3800000000000003
10000,12273.819329310105,12273.819329310105,9980,83,13,0.8645833333333334,170.82550751650152,2273.8193293101094,0.01,1.4000000000000004
10000,12314.02011941479,12314.02011941479,9980,83,13,0.8645833333333334,171.11817950535394,2314.020119414797,0.01,1.4200000000000004
10000,12354.350978672934,12354.350978672934,9980,83,13,0.8645833333333334,171.41150923946185,2354.350978672932,0.01,1.4400000000000004
10000,12394.812322740341,12394.812322740341,9980,83,13,0.8645833333333334,171.70549833442988,2394.812322740344,0.01,1.4600000000000004
10000,12435.40456858461,12435.40456858461,9980,83,13,0.8645833333333334,172.00014840999611,2435.404568584609,0.01,1.4800000000000004
10000,12476.128134489125,12476.128134489125,9980,83,13,0.8645833333333334,172.29546109004153,2476.128134489124,0.01,1.5000000000000004
10000,12516.983440057207,12516.983440057207,9980,83,13,0.8645833333333334,172.5914380026007,2516.9834400572036,0.01,1.5200000000000005
10000,12494.37229772678,12494.37229772678,9980,82,14,0.8541666666666666,172.24936505362055,2494.3722977267807,0.01,1.5400000000000005
10000,12534.784246462264,12534.784246462264,9980,82,14,0.8541666666666666,172.54025248108326,2534.784246462264,0.01,1.5600000000000005
10000,12575.32529470879,12575.32529470879,9980,82,14,0.8541666666666666,172.83178400039534,2575.325294708787,0.01,1.5800000000000005
10000,12550.601931864076,12550.601931864076,9980,81,15,0.84375,172.36488872499018,2550.601931864081,0.01,1.6000000000000005
10000,12590.688895458825,12590.688895458825,9980,81,15,0.84375,172.65040211232312,2590.688895458827,0.01,1.6200000000000006
10000,12630.902301872202,12630.902301872202,9980,81,15,0.84375,172.9365385219952,2630.9023018722023,0.01,1.6400000000000006
10000,12671.242544898345,12671.242544898345,9980,81,15,0.84375,173.2232994436452,2671.2425448983336,0.01,1.6600000000000006
10000,12711.710019542146,12711.710019542146,9980,81,15,0.84375,173.51068637062286,2711.7100195421426,0.01,1.6800000000000006
10000,12752.305122022975,12752.305122022975,9980,81,15,0.84375,173.7987007999975,2752.3051220229713,0.01,1.7000000000000006
10000,12793.02824977827,12793.02824977827,9980,81,15,0.84375,174.08734423256766,2793.028249778267,0.01,1.7200000000000006
10000,12763.794038610024,12763.794038610024,9980,80,16,0.8333333333333334,174.22801845056927,2763.794038610022,0.01,1.7400000000000007
10000,12804.040234993796,12804.040234993796,9980,80,16,0.8333333333333334,174.51640224110014,2804.040234993802,0.01,1.7600000000000007
10000,12844.411732094048,12844.411732094048,9980,80,16,0.8333333333333334,174.80541194714687,2844.4117320940554,0.01,1.7800000000000007
10000,12884.9089150306,12884.9089150306,9980,80,16,0.8333333333333334,175.09504905341475,2884.9089150306,0.01,1.8000000000000007
10000,12925.532170091596,12925.532170091596,9980,80,16,0.8333333333333334,175.3853150482717,2925.532170091606,0.01,1.8200000000000007
10000,12966.281884737124,12966.281884737124,9980,80,16,0.8333333333333334,175.67621142375654,2966.2818847371163,0.01,1.8400000000000007
10000,12933.033247028403,12933.033247028403,9980,79,17,0.8229166666666666,175.476821331681,2933.033247028405,0.01,1.8600000000000008
10000,12973.286367264313,12973.286367264313,9980,79,17,0.8229166666666666,175.76432473442773,2973.286367264311,0.01,1.8800000000000008
10000,13013.663171026112,13013.663171026112,9980,79,17,0.8229166666666666,176.0524429180671,3013.663171026117,0.01,1.9000000000000008
10000,13054.164033429683,13054.164033429683,9980,79,17,0.8229166666666666,176.34117731788479,3054.164033429681,0.01,1.9200000000000008
10000,13094.789330713627,13094.789330713627,9980,79,17,0.8229166666666666,176.63052937265107,3094.789330713631,0.01,1.9400000000000008
10000,13135.53944024266,13135.53944024266,9980,79,17,0.8229166666666666,176.92050052462938,3135.539440242664,0.01,1.9600000000000009
10000,13098.193066486572,13098.193066486572,9980,78,18,0.8125,177.09397600915403,3098.1930664865745,0.01,1.9800000000000009
10000,13138.427071636284,13138.427071636284,9980,78,18,0.8125,177.3840604999385,3138.427071636286,0.01,2.000000000000001
10000,13178.783064462054,13178.783064462054,9980,78,18,0.8125,177.67476286790335,3178.7830644620467,0.01,2.020000000000001
10000,13219.261409974652,13219.261409974652,9980,78,18,0.8125,177.9660845468321,3219.2614099746447,0.01,2.040000000000001
10000,13259.862474262523,13259.862474262523,9980,78,18,0.8125,178.25802697396162,3259.862474262527,0.01,2.060000000000001
10000,13300.586624494967,13300.586624494967,9980,78,18,0.8125,178.55059158999248,3300.5866244949652,0.01,2.080000000000001
10000,13259.063294629883,13259.063294629883,9980,77,19,0.8020833333333334,178.39410896642633,3259.0632946298797,0.01,2.100000000000001
10000,13216.615065117365,13216.615065117365,9980,76,20,0.7916666666666666,178.355700915394,3216.6150651173657,0.01,2.120000000000001
10000,13173.251722170025,13173.251722170025,9980,75,21,0.78125,177.9776438052845,3173.2517221700273,0.01,2.140000000000001
10000,13128.983238321498,13128.983238321498,9960.039999999999,74,22,0.7708333333333334,177.18332489168665,3128.9832383215044,0.01,2.160000000000001
10000,13083.819768612317,13083.819768612317,9960.039999999999,73,23,0.7604166666666666,177.2815319155193,3083.819768612317,0.01,2.180000000000001
10000,13121.380603168098,13121.380603168098,9960.039999999999,73,23,0.7604166666666666,177.55477154078085,3121.3806031681024,0.01,2.200000000000001
10000,13159.047774828965,13159.047774828965,9960.039999999999,73,23,0.7604166666666666,177.82855671935644,3159.0477748289663,0.01,2.220000000000001
10000,13196.821580418857,13196.821580418857,9960.039999999999,73,23,0.7604166666666666,178.10288863118566,3196.8215804188626,0.01,2.240000000000001
10000,13234.702317578489,13234.702317578489,9960.039999999999,73,23,0.7604166666666666,178.3777684588496,3234.702317578489,0.01,2.260000000000001
10000,13272.69028476752,13272.69028476752,9960.039999999999,73,23,0.7604166666666666,178.6531973875767,3272.690284767524,0.01,2.280000000000001
10000,13310.785781266819,13310.785781266819,9960.039999999999,73,23,0.7604166666666666,178.9291766052479,3310.785781266829,0.01,2.300000000000001
10000,13348.9891071807,13348.9891071807,9960.039999999999,73,23,0.7604166666666666,179.2057073024039,3348.9891071806887,0.01,2.320000000000001
10000,13387.300563439017,13387.300563439017,9960.039999999999,73,23,0.7604166666666666,179.48279067224942,3387.3005634390115,0.01,2.340000000000001
10000,13335.923452201616,13335.923452201616,9960.039999999999,72,24,0.75,179.06653995022785,3335.92345220163,0.01,2.360000000000001
10000,13373.66194583857,13373.66194583857,9960.039999999999,72,24,0.75,179.33909317512885,3373.661945838574,0.01,2.3800000000000012
10000,13320.743156391085,13320.743156391085,9960.039999999999,71,25,0.7395833333333334,178.81211349788222,3320.743156391086,0.01,2.4000000000000012
10000,13176.666952433605,13176.666952433605,9960.039999999999,69,27,0.71875,178.4437480568983,3176.666952433598,0.01,2.4200000000000013
10000,13212.372437145765,13212.372437145765,9960.039999999999,69,27,0.71875,178.7062770853259,3212.372437145767,0.01,2.4400000000000013
10000,13248.173258139375,13248.173258139375,9960.039999999999,69,27,0.71875,178.96930016499502,3248.1732581393712,0.01,2.4600000000000013
10000,13284.069666187374,13284.069666187374,9960.039999999999,69,27,0.71875,179.23281829894728,3284.069666187374,0.01,2.4800000000000013
10000,13320.061912712425,13320.061912712425,9960.039999999999,69,27,0.71875,179.496832492328,3320.061912712428,0.01,2.5000000000000013
10000,13356.150249788532,13356.150249788532,9960.039999999999,69,27,0.71875,179.76134375238857,3356.1502497885385,0.01,2.5200000000000014
10000,13392.33493014271,13392.33493014271,9960.039999999999,69,27,0.71875,180.02635308849335,3392.3349301427206,0.01,2.5400000000000014
10000,13428.616207156643,13428.616207156643,9960.039999999999,69,27,0.71875,180.29186151212235,3428.616207156651,0.01,2.5600000000000014
10000,13464.99433486835,13464.99433486835,9960.039999999999,69,27,0.71875,180.55787003687658,3464.9943348683546,0.01,2.5800000000000014
10000,13501.469567973872,13501.469567973872,9960.039999999999,69,27,0.71875,180.82437967848202,3501.4695679738775,0.01,2.6000000000000014
10000,13538.042161828962,13538.042161828962,9960.039999999999,69,27,0.71875,181.0913914547948,3538.042161828957,0.01,2.6200000000000014
10000,13378.814560111772,13378.814560111772,9960.039999999999,67,29,0.6979166666666666,180.53965073442004,3378.814560111776,0.01,2.6400000000000015
10000,13413.984537183453,13413.984537183453,9960.039999999999,67,29,0.6979166666666666,180.80139334299488,3413.984537183451,0.01,2.6600000000000015
10000,13449.245574081055,13449.245574081055,9960.039999999999,67,29,0.6979166666666666,181.06361787924737,3449.245574081056,0.01,2.6800000000000015
10000,13484.597902961328,13484.597902961328,9960.039999999999,67,29,0.6979166666666666,181.32632529796155,3484.597902961332,0.01,2.7000000000000015
10000,13520.041756563709,13520.041756563709,9960.039999999999,67,29,0.6979166666666666,181.5895165558719,3520.0417565637076,0.01,2.7200000000000015
10000,13555.577368211732,13555.577368211732,9960.039999999999,67,29,0.6979166666666666,181.85319261166745,3555.577368211731,0.01,2.7400000000000015
10000,13591.204971814515,13591.204971814515,9960.039999999999,67,29,0.6979166666666666,182.1173544259958,3591.2049718145126,0.01,2.7600000000000016
10000,13626.92480186818,13626.92480186818,9960.039999999999,67,29,0.6979166666666666,182.38200296146755,3626.924801868178,0.01,2.7800000000000016
10000,13662.737093457315,13662.737093457315,9960.039999999999,67,29,0.6979166666666666,182.64713918265952,3662.7370934573137,0.01,2.8000000000000016
10000,13698.642082256416,13698.642082256416,9960.039999999999,67,29,0.6979166666666666,182.91276405611944,3698.6420822564196,0.01,2.8200000000000016
10000,13734.640004531357,13734.640004531357,9960.039999999999,67,29,0.6979166666666666,183.17887855037048,3734.6400045313594,0.01,2.8400000000000016
10000,13770.731097140839,13770.731097140839,9960.039999999999,67,29,0.6979166666666666,183.44548363591403,3770.7310971408415,0.01,2.8600000000000017
10000,13806.91559753787,13806.91559753787,9960.039999999999,67,29,0.6979166666666666,183.712580285235,3806.915597537865,0.01,2.8800000000000017
10000,13843.193743771182,13843.193743771182,9960.039999999999,67,29,0.6979166666666666,183.98016947280502,3843.1937437711795,0.01,2.9000000000000017
10000,13879.565774486791,13879.565774486791,9960.039999999999,67,29,0.6979166666666666,184.24825217508754,3879.5657744867963,0.01,2.9200000000000017
10000,13916.031928929415,13916.031928929415,9960.039999999999,67,29,0.6979166666666666,184.51682937054062,3916.031928929409,0.01,2.9400000000000017
10000,13842.73825160056,13842.73825160056,9960.039999999999,66,30,0.6875,184.12420281796483,3842.7382516005578,0.01,2.9600000000000017
10000,13878.552898563486,13878.552898563486,9960.039999999999,66,30,0.6875,184.3889958357041,3878.5528985634896,0.01,2.9800000000000018
10000,13803.807028528476,13803.807028528476,9960.039999999999,65,31,0.6770833333333334,183.98833557175072,3803.807028528479,0.01,3.0000000000000018
10000,13838.967871336392,13838.967871336392,9960.039999999999,65,31,0.6770833333333334,184.24934311389197,3838.967871336394,0.01,3.020000000000002
10000,13874.216882803572,13874.216882803572,9960.039999999999,65,31,0.6770833333333334,184.5108153700984,3874.21688280357,0.01,3.040000000000002
10000,13909.554280528975,13909.554280528975,9960.039999999999,65,31,0.6770833333333334,184.77275322685438,3909.5542805289715,0.01,3.060000000000002
10000,13831.885904900513,13831.885904900513,9940.11992,64,32,0.6666666666666666,183.54105437737957,3831.885904900512,0.01,3.080000000000002
10000,13866.561436670721,13866.561436670721,9940.11992,64,32,0.6666666666666666,183.7945194873254,3866.5614366707123,0.01,3.100000000000002
10000,13787.485967189092,13787.485967189092,9940.11992,63,33,0.65625,182.81556167276204,3787.485967189088,0.01,3.120000000000002
10000,13821.498030235962,13821.498030235962,9940.11992,63,33,0.65625,183.06194105065742,3821.4980302359645,0.01,3.140000000000002
10000,13855.592650758314,13855.592650758314,9940.11992,63,33,0.65625,183.30874363802636,3855.592650758319,0.01,3.160000000000002
10000,13659.959282890226,13659.959282890226,9940.11992,61,35,0.6354166666666666,183.1430079490313,3659.959282890225,0.01,3.180000000000002
10000,13692.564257966455,13692.564257966455,9940.11992,61,35,0.6354166666666666,183.3877641803144,3692.5642579664686,0.01,3.200000000000002
10000,13662.028321103648,13662.028321103648,9940.11992,60,36,0.625,182.8053118462586,3662.0283211036403,0.01,3.220000000000002
10000,13694.336726921345,13694.336726921345,9940.11992,60,36,0.625,183.04585649891254,3694.336726921348,0.01,3.240000000000002
10000,13610.526182259353,13610.526182259353,9940.11992,59,37,0.6145833333333334,181.8770142624757,3610.52618225935,0.01,3.260000000000002
10000,13642.168091618692,13642.168091618692,9940.11992,59,37,0.6145833333333334,182.10975559502774,3642.1680916186974,0.01,3.280000000000002
10000,13673.882305966763,13673.882305966763,9940.11992,59,37,0.6145833333333334,182.34288028722239,3673.882305966764,0.01,3.300000000000002
10000,13471.406901784967,13471.406901784967,9940.11992,57,39,0.59375,181.07080223275406,3471.406901784963,0.01,3.320000000000002
10000,13501.648634592664,13501.648634592664,9940.11992,57,39,0.59375,181.2957088613047,3501.6486345926733,0.01,3.340000000000002
10000,13531.957056130488,13531.957056130488,9940.11992,57,39,0.59375,181.52097898897836,3531.9570561304827,0.01,3.360000000000002
10000,13562.332310812904,13562.332310812904,9940.11992,57,39,0.59375,181.74661324248657,3562.332310812903,0.01,3.380000000000002
10000,13592.774543361471,13592.774543361471,9940.11992,57,39,0.59375,181.97261224964925,3592.7745433614623,0.01,3.400000000000002
10000,13503.672213070317,13503.672213070317,9940.11992,56,40,0.5833333333333334,181.43564004976403,3503.672213070321,0.01,3.420000000000002
10000,13533.442715553974,13533.442715553974,9940.11992,56,40,0.5833333333333334,181.65749891122329,3533.4427155539715,0.01,3.440000000000002
10000,13563.27766944505,13563.27766944505,9940.11992,56,40,0.5833333333333334,181.87970902967805,3563.2776694450517,0.01,3.460000000000002
10000,13593.17721172007,13593.17721172007,9940.11992,56,40,0.5833333333333334,182.1022709974109,3593.177211720059,0.01,3.480000000000002
10000,13623.141479641172,13623.141479641172,9940.11992,56,40,0.5833333333333334,182.32518540772767,3623.141479641174,0.01,3.500000000000002
10000,13653.17061075685,13653.17061075685,9940.11992,56,40,0.5833333333333334,182.54845285495952,3653.1706107568457,0.01,3.5200000000000022
10000,13437.63591216074,13437.63591216074,9940.11992,54,42,0.5625,181.9816948906386,3437.6359121607416,0.01,3.5400000000000023
10000,13466.184050835056,13466.184050835056,9940.11992,54,42,0.5625,182.20063491476589,3466.184050835066,0.01,3.5600000000000023
10000,13494.791707557873,13494.791707557873,9940.11992,54,42,0.5625,182.41991314308768,3494.791707557873,0.01,3.5800000000000023
10000,13523.459004054172,13523.459004054172,9940.11992,54,42,0.5625,182.63953012915036,3523.4590040541802,0.01,3.6000000000000023
10000,13552.186062293127,13552.186062293127,9940.11992,54,42,0.5625,182.85948642742576,3552.1860622931176,0.01,3.6200000000000023
10000,13580.973004488429,13580.973004488429,9940.11992,54,42,0.5625,183.07978259331162,3580.973004488433,0.01,3.6400000000000023
10000,13609.819953098955,13609.819953098955,9940.11992,54,42,0.5625,183.30041918313427,3609.81995309895,0.01,3.6600000000000024
10000,13512.001247585184,13512.001247585184,9940.11992,53,43,0.5520833333333334,182.89566149757206,3512.0012475851795,0.01,3.6800000000000024
10000,13540.161774774619,13540.161774774619,9940.11992,53,43,0.5520833333333334,183.11313292243133,3540.161774774614,0.01,3.7000000000000024
10000,13568.379875292787,13568.379875292787,9940.11992,53,43,0.5520833333333334,183.33093429778836,3568.3798752927873,0.01,3.7200000000000024
10000,13596.655664564616,13596.655664564616,9940.11992,53,43,0.5520833333333334,183.5490661523425,3596.655664564615,0.01,3.7400000000000024
10000,13624.989258241858,13624.989258241858,9940.11992,53,43,0.5520833333333334,183.7675290156564,3624.989258241859,0.01,3.7600000000000025
10000,13653.380772203544,13653.380772203544,9940.11992,53,43,0.5520833333333334,183.98632341815704,3653.380772203545,0.01,3.7800000000000025
10000,13681.830322556401,13681.830322556401,9940.11992,53,43,0.5520833333333334,184.20544989113796,3681.8303225564036,0.01,3.8000000000000025
10000,13710.338025635323,13710.338025635323,9940.11992,53,43,0.5520833333333334,184.42490896676,3710.3380256353253,0.01,3.8200000000000025
10000,13738.90399800378,13738.90399800378,9940.11992,53,43,0.5520833333333334,184.64470117805263,3738.9039980037783,0.01,3.8400000000000025
10000,13767.528356454251,13767.528356454251,9940.11992,53,43,0.5520833333333334,184.86482705891635,3767.528356454249,0.01,3.8600000000000025
10000,13796.211218008706,13796.211218008706,9940.11992,53,43,0.5520833333333334,185.08528714412273,3796.211218008706,0.01,3.8800000000000026
10000,13824.952699919017,13824.952699919017,9940.11992,53,43,0.5520833333333334,185.3060819693171,3824.9526999190152,0.01,3.9000000000000026
10000,13853.752919667391,13853.752919667391,9940.11992,53,43,0.5520833333333334,185.52721207101905,3853.752919667394,0.01,3.9200000000000026
10000,13746.52416059147,13746.52416059147,9940.11992,52,44,0.5416666666666666,185.33146789575338,3746.524160591466,0.01,3.9400000000000026
10000,13774.612056189122,13774.612056189122,9940.11992,52,44,0.5416666666666666,185.55078726034063,3774.612056189123,0.01,3.9600000000000026
10000,13802.75623026638,13802.75623026638,9940.11992,52,44,0.5416666666666666,185.7704356358026,3802.7562302663737,0.01,3.9800000000000026
10000,13830.956793356774,13830.956793356774,9940.11992,52,44,0.5416666666666666,185.99041354165684,3830.9567933567755,0.01,4.000000000000003
10000,13721.177164094886,13721.177164094886,9940.11992,51,45,0.53125,185.00872868680753,3721.177164094879,0.01,4.020000000000002
10000,13748.663275450092,13748.663275450092,9940.11992,51,45,0.53125,185.22268340098708,3748.6632754500943,0.01,4.040000000000002
10000,13776.203358117325,13776.203358117325,9940.11992,51,45,0.53125,185.43695115868147,3776.2033581173177,0.01,4.060000000000001
10000,13803.797515936694,13803.797515936694,9940.11992,51,45,0.53125,185.65153244224865,3803.797515936702,0.01,4.080000000000001
10000,13831.44585294411,13831.44585294411,9940.11992,51,45,0.53125,185.8664277348033,3831.4458529441085,0.01,4.1000000000000005
10000,13859.148473371406,13859.148473371406,9940.11992,51,45,0.53125,186.08163752021645,3859.1484733714174,0.01,4.12
10000,13886.9054816469,13886.9054816469,9940.11992,51,45,0.53125,186.29716228311776,3886.905481646905,0.01,4.14
10000,13914.716982395625,13914.716982395625,9940.11992,51,45,0.53125,186.51300250889668,3914.71698239562,0.01,4.159999999999999
10000,13942.583080439726,13942.583080439726,9940.11992,51,45,0.53125,186.72915868370268,3942.5830804397287,0.01,4.179999999999999
10000,13970.503880798902,13970.503880798902,9940.11992,51,45,0.53125,186.945631294448,3970.5038807988876,0.01,4.199999999999998
10000,13853.558496006937,13853.558496006937,9940.11992,50,46,0.5208333333333334,186.58287123668106,3853.5584960069236,0.01,4.219999999999998
10000,13880.748244399023,13880.748244399023,9940.11992,50,46,0.5208333333333334,186.7967150039978,3880.7482443990284,0.01,4.2399999999999975
10000,13907.99028064423,13907.99028064423,9940.11992,50,46,0.5208333333333334,187.01086687769578,3907.9902806442233,0.01,4.259999999999997
10000,13935.284703226562,13935.284703226562,9940.11992,50,46,0.5208333333333334,187.22532732364974,3935.2847032265586,0.01,4.279999999999997
10000,13815.889696202747,13815.889696202747,9940.11992,49,47,0.5104166666666666,186.5834497337801,3815.889696202739,0.01,4.299999999999996
10000,13842.452252580464,13842.452252580464,9940.11992,49,47,0.5104166666666666,186.79384798886383,3842.4522525804573,0.01,4.319999999999996
10000,13869.064827308848,13869.064827308848,9940.11992,49,47,0.5104166666666666,187.00454292810215,3869.0648273088536,0.01,4.339999999999995
10000,13895.727512595664,13895.727512595664,9940.11992,49,47,0.5104166666666666,187.21553498933937,3895.7275125956717,0.01,4.359999999999995
10000,13922.440400814992,13922.440400814992,9940.11992,49,47,0.5104166666666666,187.42682461107452,3922.4404008149972,0.01,4.379999999999995
10000,13652.127895243351,13652.127895243351,9940.11992,47,49,0.4895833333333333,185.47594644139173,3652.1278952433563,0.01,4.399999999999994
10000,13677.285759887156,13677.285759887156,9940.11992,47,49,0.4895833333333333,185.67650152978385,3677.28575988715,0.01,4.419999999999994
10000,13554.718115145157,13554.718115145157,9940.11992,46,50,0.4791666666666667,184.84066135304727,3554.718115145157,0.01,4.439999999999993
10000,13432.182735419621,13432.182735419621,9940.11992,45,51,0.46875,183.35706824557406,3432.182735419616,0.01,4.459999999999993
10000,13455.865385292842,13455.865385292842,9940.11992,45,51,0.46875,183.54485606967128,3455.865385292849,0.01,4.479999999999992
10000,13479.588854538446,13479.588854538446,9940.11992,45,51,0.46875,183.7328829961228,3479.588854538447,0.01,4.499999999999992
10000,13503.353211899403,13503.353211899403,9940.11992,45,51,0.46875,183.92114934263404,3503.353211899404,0.01,4.519999999999992
10000,13527.15852623177,13527.15852623177,9940.11992,45,51,0.46875,184.10965542733646,3527.1585262317767,0.01,4.539999999999991
10000,13551.004866504834,13551.004866504834,9940.11992,45,51,0.46875,184.29840156878967,3551.0048665048407,0.01,4.559999999999991
10000,13574.892301801301,13574.892301801301,9940.11992,45,51,0.46875,184.48738808598068,3574.8923018012943,0.01,4.57999999999999
10000,13598.820901317433,13598.820901317433,9940.11992,45,51,0.46875,184.6766152983253,3598.8209013174364,0.01,4.59999999999999
10000,13622.790734363343,13622.790734363343,9940.11992,45,51,0.46875,184.86608352566802,3622.7907343633406,0.01,4.6199999999999894
10000,13646.801870363046,13646.801870363046,9940.11992,45,51,0.46875,185.05579308828294,3646.8018703630455,0.01,4.639999999999989
10000,13670.854378854734,13670.854378854734,9940.11992,45,51,0.46875,185.2457443068747,3670.854378854739,0.01,4.659999999999989
10000,13694.948329490928,13694.948329490928,9940.11992,45,51,0.46875,185.43593750257858,3694.948329490929,0.01,4.679999999999988
10000,13719.083792038648,13719.083792038648,9940.11992,45,51,0.46875,185.62637299696078,3719.0837920386407,0.01,4.699999999999988
10000,13743.260836379577,13743.260836379577,9940.11992,45,51,0.46875,185.81705111201936,3743.260836379589,0.01,4.719999999999987
10000,13610.913117095308,13691.911964375562,9940.11992,44,52,0.4583333333333333,186.07059873635234,3610.9131170953033,0.01,4.739999999999987
10000,13634.357388304938,13715.260317484523,9940.11992,44,52,0.4583333333333333,186.2620895192195,3634.3573883049417,0.01,4.7599999999999865
10000,13657.841115319554,13738.647558272407,9940.11992,44,52,0.4583333333333333,186.45382482588536,3657.8411153195493,0.01,4.779999999999986
10000,13524.169606039632,13603.951666465638,9940.11992,43,53,0.4479166666666667,185.17400542387972,3524.1696060396343,0.01,4.799999999999986
10000,13236.364318652397,13314.220012714131,9940.11992,41,55,0.4270833333333333,183.5818977609562,3236.364318652396,0.01,4.819999999999985
10000,13257.584065848352,13335.335675503375,9940.11992,41,55,0.4270833333333333,183.75868066167183,3257.584065848345,0.01,4.839999999999985
10000,13278.83699373254,13356.483988136233,9940.11992,41,55,0.4270833333333333,183.93567240870618,3278.836993732545,0.01,4.859999999999984
10000,13300.12315287935,13377.66499980074,9940.11992,41,55,0.4270833333333333,184.11287325817167,3300.12315287935,0.01,4.879999999999984
10000,13321.442593938204,13398.878759757052,9940.11992,41,55,0.4270833333333333,184.29028346649784,3321.442593938201,0.01,4.8999999999999835
10000,13342.795367633731,13420.125317337564,9940.11992,41,55,0.4270833333333333,184.46790329042997,3342.795367633731,0.01,4.919999999999983
10000,13206.968314766471,13283.28307571511,9940.11992,40,56,0.4166666666666667,182.63300851767963,3206.968314766469,0.01,4.939999999999983
10000,13227.612002908783,13303.81771726144,9940.11992,40,56,0.4166666666666667,182.80225158868978,3227.612002908778,0.01,4.959999999999982
10000,13248.287144571334,13324.38328814414,9940.11992,40,56,0.4166666666666667,182.97168916014914,3248.2871445713345,0.01,4.979999999999982
10000,13111.342375113356,13186.425617875162,9940.11992,39,57,0.40625,181.5238404394284,3111.342375113351,0.01,4.999999999999981
10000,11992.213920490207,11992.213920490207,9976,87,9,0.90625,167.8034489211253,1992.2139204902103,0.012,1
10000,12041.013854805673,12041.013854805673,9976,87,9,0.90625,168.14894731819888,2041.013854805672,0.012,1.02
10000,12090.010039574103,12090.010039574103,9976,87,9,0.90625,168.49538859832387,2090.010039574102,0.012,1.04
10000,12079.339327589201,12079.339327589201,9976,86,10,0.8958333333333334,168.75288095877914,2079.3393275892063,0.012,1.06
10000,12127.906123996145,12127.906123996145,9976,86,10,0.8958333333333334,169.09999875910484,2127.906123996145,0.012,1.08
10000,12176.665871175292,12176.665871175292,9976,86,10,0.8958333333333334,169.4480600156481,2176.665871175285,0.012,1.1
10000,12225.619326487247,12225.619326487247,9976,86,10,0.8958333333333334,169.79706754244592,2225.61932648724,0.012,1.12
10000,12211.896061205238,12211.896061205238,9976,85,11,0.8854166666666666,169.97420424045455,2211.8960612052383,0.012,1.1400000000000001
10000,12197.01813073154,12197.01813073154,9976,84,12,0.875,170.26743417701863,2197.0181307315343,0.012,1.1600000000000001
10000,12244.874139521655,12244.874139521655,9976,84,12,0.875,170.6163119753929,2244.874139521662,0.012,1.1800000000000002
10000,12292.915631297365,12292.915631297365,9976,84,12,0.875,170.96612865898393,2292.9156312973655,0.012,1.2000000000000002
10000,12341.143316113295,12341.143316113295,9976,84,12,0.875,171.31688698990882,2341.1433161132995,0.012,1.2200000000000002
10000,12389.557906708438,12389.557906708438,9976,84,12,0.875,171.66858973874952,2389.557906708436,0.012,1.2400000000000002
10000,12438.160118516082,12438.160118516082,9976,84,12,0.875,172.0212396845764,2438.160118516081,0.012,1.2600000000000002
10000,12418.83133819579,12418.83133819579,9976,83,13,0.8645833333333334,171.6892277741205,2418.8313381957837,0.012,1.2800000000000002
10000,12466.947173179373,12466.947173179373,9976,83,13,0.8645833333333334,172.03597422172203,2466.94717317937,0.012,1.3000000000000003
10000,12515.247134030167,12515.247134030167,9976,83,13,0.8645833333333334,172.38364004063894,2515.2471340301645,0.012,1.3200000000000003
10000,12484.234808651687,12484.234808651687,9976,81,15,0.84375,171.89212724795735,2484.2348086516804,0.012,1.3400000000000003
10000,12531.91896396236,12531.91896396236,9976,81,15,0.84375,172.232480857215,2531.9189639623637,0.012,1.3600000000000003
10000,12579.782974044092,12579.782974044092,9976,81,15,0.84375,172.5737229648911,2579.7829740440948,0.012,1.3800000000000003
10000,12627.827508684253,12627.827508684253,9976,81,15,0.84375,172.91585611216,2627.827508684253,0.012,1.4000000000000004
10000,12676.053240132582,12676.053240132582,9976,81,15,0.84375,173.25888284776767,2676.053240132578,0.012,1.4200000000000004
10000,12650.20303539627,12650.20303539627,9976,80,16,0.8333333333333334,173.44525163303553,2650.203035396276,0.012,1.4400000000000004
10000,12697.902223040888,12697.902223040888,9976,80,16,0.8333333333333334,173.78822622397675,2697.902223040884,0.012,1.4600000000000004
10000,12745.778989476317,12745.778989476317,9976,80,16,0.8333333333333334,174.13209112684083,2745.7789894763223,0.012,1.4800000000000004
10000,12793.8339873333,12793.8339873333,9976,80,16,0.8333333333333334,174.476848867433,2793.833987333306,0.012,1.5000000000000004
10000,12842.067871609923,12842.067871609923,9976,80,16,0.8333333333333334,174.82250197900888,2842.0678716099133,0.012,1.5200000000000005
10000,12890.48129968008,12890.48129968008,9976,80,16,0.8333333333333334,175.16905300229752,2890.4812996800865,0.012,1.5400000000000005
10000,12859.873784019643,12859.873784019643,9976,79,17,0.8229166666666666,174.99097604936853,2859.8737840196386,0.012,1.5600000000000005
10000,12907.732468478069,12907.732468478069,9976,79,17,0.8229166666666666,175.33365466885925,2907.732468478066,0.012,1.5800000000000005
10000,12955.766977917963,12955.766977917963,9976,79,17,0.8229166666666666,175.67720979691816,2955.766977917962,0.012,1.6000000000000005
10000,13003.977949903676,13003.977949903676,9976,79,17,0.8229166666666666,176.02164388102327,3003.9779499036754,0.012,1.6200000000000006
10000,12969.990463358985,12969.990463358985,9976,78,18,0.8125,176.24355463558766,2969.990463358979,0.012,1.6400000000000006
10000,13017.627379282685,13017.627379282685,9976,78,18,0.8125,176.58838602354507,3017.627379282701,0.012,1.6600000000000006
10000,13065.436986597313,13065.436986597313,9976,78,18,0.8125,176.93409574049824,3065.436986597321,0.012,1.6800000000000006
10000,13113.419903101209,13113.419903101209,9976,78,18,0.8125,177.28068622378558,3113.4199031012004,0.012,1.7000000000000006
10000,13161.5767487734,13161.5767487734,9976,78,18,0.8125,177.62815991776841,3161.5767487734047,0.012,1.7200000000000006
10000,13209.908145781315,13209.908145781315,9976,78,18,0.8125,177.97651927385144,3209.908145781308,0.012,1.7400000000000007
10000,13084.082915329345,13084.082915329345,9976,76,20,0.7916666666666666,177.50167914345488,3084.082915329344,0.012,1.7600000000000007
10000,13043.633396227082,13043.633396227082,9976,75,21,0.78125,177.14051332161657,3043.633396227076,0.012,1.7800000000000007
10000,13002.06380817603,13002.06380817603,9952.0576,74,22,0.7708333333333334,176.33652068553042,3002.063808176034,0.012,1.8000000000000007
10000,12959.385758033897,12959.385758033897,9952.0576,73,23,0.7604166666666666,176.4767214873577,2959.385758033894,0.012,1.8200000000000007
10000,13003.855724613803,13003.855724613803,9952.0576,73,23,0.7604166666666666,176.80155726129297,3003.855724613815,0.012,1.8400000000000007
10000,13048.47617103547,13048.47617103547,9952.0576,73,23,0.7604166666666666,177.12716844562107,3048.476171035475,0.012,1.8600000000000008
10000,13093.24759933414,13093.24759933414,9952.0576,73,23,0.7604166666666666,177.45355704528708,3093.2475993341436,0.012,1.8800000000000008
10000,13138.170513196106,13138.170513196106,9952.0576,73,23,0.7604166666666666,177.78072507060133,3138.1705131961025,0.012,1.9000000000000008
10000,13183.245417963975,13183.245417963975,9952.0576,73,23,0.7604166666666666,178.10867453725405,3183.245417963972,0.012,1.9200000000000008
10000,13228.472820642095,13228.472820642095,9952.0576,73,23,0.7604166666666666,178.43740746632955,3228.4728206420987,0.012,1.9400000000000008
10000,13179.997274968719,13179.997274968719,9952.0576,72,24,0.75,178.0388733309116,3179.9972749687154,0.012,1.9600000000000009
10000,13224.577434941983,13224.577434941983,9952.0576,72,24,0.75,178.3623656103012,3224.577434941982,0.012,1.9800000000000009
10000,13174.223652343839,13174.223652343839,9952.0576,71,25,0.7395833333333334,177.8450588135955,3174.2236523438332,0.012,2.000000000000001
10000,13028.15048894506,13028.15048894506,9952.0576,69,27,0.71875,177.49481736501608,3028.150488945065,0.012,2.020000000000001
10000,13070.337631150875,13070.337631150875,9952.0576,69,27,0.71875,177.80652103468452,3070.337631150887,0.012,2.040000000000001
10000,13112.65937476664,13112.65937476664,9952.0576,69,27,0.71875,178.11892574436544,3112.659374766636,0.012,2.060000000000001
10000,13155.116142846671,13155.116142846671,9952.0576,69,27,0.71875,178.43203319498738,3155.1161428466753,0.012,2.080000000000001
10000,13197.708359754948,13197.708359754948,9952.0576,69,27,0.71875,178.74584509174161,3197.7083597549477,0.012,2.100000000000001
10000,13240.436451168915,13240.436451168915,9952.0576,69,27,0.71875,179.06036314409099,3240.4364511689137,0.012,2.120000000000001
10000,13283.30084408358,13283.30084408358,9952.0576,69,27,0.71875,179.37558906578226,3283.3008440835792,0.012,2.140000000000001
10000,13326.301966815525,13326.301966815525,9952.0576,69,27,0.71875,179.69152457485652,3326.3019668155234,0.012,2.160000000000001
10000,13369.440249006897,13369.440249006897,9952.0576,69,27,0.71875,180.00817139365964,3369.440249006892,0.012,2.180000000000001
10000,13208.561696410035,13208.561696410035,9952.0576,67,29,0.6979166666666666,179.46873865365677,3208.5616964100327,0.012,2.200000000000001
10000,13250.049436529056,13250.049436529056,9952.0576,67,29,0.6979166666666666,179.77923745750473,3250.0494365290556,0.012,2.220000000000001
10000,13291.665516472563,13291.665516472563,9952.0576,67,29,0.6979166666666666,180.0904193786147,3291.665516472565,0.012,2.240000000000001
10000,13333.410327153053,13333.410327153053,9952.0576,67,29,0.6979166666666666,180.40228603412547,3333.410327153048,0.012,2.260000000000001
10000,13375.284260655106,13375.284260655106,9952.0576,67,29,0.6979166666666666,180.71483904512365,3375.284260655106,0.012,2.280000000000001
10000,13417.287710238921,13417.287710238921,9952.0576,67,29,0.6979166666666666,181.0280800366538,3417.28771023892,0.012,2.300000000000001
10000,13459.421070343715,13459.421070343715,9952.0576,67,29,0.6979166666666666,181.34201063772704,3459.4210703437116,0.012,2.320000000000001
10000,13501.684736591229,13501.684736591229,9952.0576,67,29,0.6979166666666666,181.65663248133228,3501.684736591223,0.012,2.340000000000001
10000,13544.079105789204,13544.079105789204,9952.0576,67,29,0.6979166666666666,181.97194720444435,3544.079105789201,0.012,2.360000000000001
10000,13586.604575934898,13586.604575934898,9952.0576,67,29,0.6979166666666666,182.2879564480357,3586.6045759349026,0.012,2.3800000000000012
10000,13629.261546218617,13629.261546218617,9952.0576,67,29,0.6979166666666666,182.60466185708492,3629.261546218614,0.012,2.4000000000000012
10000,13672.050417027142,13672.050417027142,9952.0576,67,29,0.6979166666666666,182.9220650805872,3672.0504170271465,0.012,2.4200000000000013
10000,13714.971589947385,13714.971589947385,9952.0576,67,29,0.6979166666666666,183.24016777156453,3714.9715899473886,0.012,2.4400000000000013
10000,13644.449377522289,13644.449377522289,9952.0576,66,30,0.6875,182.87220536287106,3644.449377522289,0.012,2.4600000000000013
10000,13686.626742231585,13686.626742231585,9952.0576,66,30,0.6875,183.1859617677819,3686.6267422315746,0.012,2.4800000000000013
10000,13614.297259827597,13614.297259827597,9952.0576,65,31,0.6770833333333334,182.80793386113496,3614.297259827604,0.012,2.5000000000000013
10000,13655.725868683427,13655.725868683427,9952.0576,65,31,0.6770833333333334,183.11733193880772,3655.725868683431,0.012,2.5200000000000014
10000,13697.278578729656,13697.278578729656,9952.0576,65,31,0.6770833333333334,183.42738809999324,3697.2785787296607,0.012,2.5400000000000014
10000,13738.955755826011,13738.955755826011,9952.0576,65,31,0.6770833333333334,183.73810384438664,3738.9557558260017,0.012,2.5600000000000014
10000,13663.082143619578,13663.082143619578,9928.17266176,64,32,0.6666666666666666,182.4847555848251,3663.0821436195724,0.012,2.5800000000000014
10000,13586.329301934973,13586.329301934973,9928.17266176,63,33,0.65625,181.5029143894682,3586.329301934972,0.012,2.6000000000000014
10000,13626.362970848206,13626.362970848206,9928.17266176,63,33,0.65625,181.79463840051204,3626.362970848201,0.012,2.6200000000000014
10000,13430.264691471177,13430.264691471177,9928.17266176,61,35,0.6354166666666666,181.66163988355117,3430.264691471171,0.012,2.6400000000000015
10000,13468.54988348156,13468.54988348156,9928.17266176,61,35,0.6354166666666666,181.95109312399092,3468.549883481557,0.012,2.6600000000000015
10000,13506.942398308785,13506.942398308785,9928.17266176,61,35,0.6354166666666666,182.241132200265,3506.942398308781,0.012,2.6800000000000015
10000,13545.442531717266,13545.442531717266,9928.17266176,61,35,0.6354166666666666,182.5317583786569,3545.4425317172777,0.012,2.7000000000000015
10000,13463.558747377014,13463.558747377014,9928.17266176,60,36,0.625,181.35006711244188,3463.55874737701,0.012,2.7200000000000015
10000,13501.28773279319,13501.28773279319,9928.17266176,60,36,0.625,181.63142754534758,3501.2877327931924,0.012,2.7400000000000015
10000,13539.120657993459,13539.120657993459,9928.17266176,60,36,0.625,181.9133468368678,3539.120657993466,0.012,2.7600000000000016
10000,13333.451014097918,13341.036558461119,9928.17266176,58,38,0.6041666666666666,180.61890801574194,3333.4510140979164,0.012,2.7800000000000016
10000,13369.535101189784,13376.273354157744,9928.17266176,58,38,0.6041666666666666,180.8910427019571,3369.5351011897756,0.012,2.8000000000000016
10000,13405.715132791496,13411.60154294256,9928.17266176,58,38,0.6041666666666666,181.16370777525353,3405.7151327914903,0.012,2.8200000000000016
10000,13441.991359467904,13447.021357515348,9928.17266176,58,38,0.6041666666666666,181.43690433928313,3441.991359467904,0.012,2.8400000000000016
10000,13354.351688756933,13358.482329175113,9928.17266176,57,39,0.59375,180.91546186478584,3354.3516887569335,0.012,2.8600000000000017
10000,13389.847179644246,13393.120023813442,9928.17266176,57,39,0.59375,181.18381871474284,3389.847179644259,0.012,2.8800000000000017
10000,13425.435335962307,13427.845885387136,9928.17266176,57,39,0.59375,181.45268798226735,3425.4353359623115,0.012,2.9000000000000017
10000,13461.1163952397,13462.660134126723,9928.17266176,57,39,0.59375,181.72207071030405,3461.116395239699,0.012,2.9200000000000017
10000,13370.158221760475,13370.824303340132,9928.17266176,56,40,0.5833333333333334,181.76266727999703,3370.158221760472,0.012,2.9400000000000017
10000,13278.547161157827,13278.547161157827,9928.17266176,55,41,0.5729166666666666,181.44175785464984,3278.547161157819,0.012,2.9600000000000017
10000,13312.563812796001,13312.563812796001,9928.17266176,55,41,0.5729166666666666,181.70659311602162,3312.5638127960055,0.012,2.9800000000000018
10000,13346.665998144023,13346.665998144023,9928.17266176,55,41,0.5729166666666666,181.97192189290803,3346.6659981440257,0.012,3.0000000000000018
10000,13380.85392822815,13380.85392822815,9928.17266176,55,41,0.5729166666666666,182.2377451606105,3380.853928228156,0.012,3.020000000000002
10000,13415.127814585356,13415.127814585356,9928.17266176,55,41,0.5729166666666666,182.50406389639986,3415.127814585358,0.012,3.040000000000002
10000,13449.487869264445,13449.487869264445,9928.17266176,55,41,0.5729166666666666,182.7708790795189,3449.487869264437,0.012,3.060000000000002
10000,13352.868458847921,13352.868458847921,9928.17266176,54,42,0.5625,182.38828715777342,3352.868458847915,0.012,3.080000000000002
10000,13386.4279885132,13386.4279885132,9928.17266176,54,42,0.5625,182.65143862743312,3386.4279885131923,0.012,3.100000000000002
10000,13420.070275986758,13420.070275986758,9928.17266176,54,42,0.5625,182.9150718358369,3420.0702759867577,0.012,3.120000000000002
10000,13453.795521437634,13453.795521437634,9928.17266176,54,42,0.5625,183.17918771522608,3453.795521437637,0.012,3.140000000000002
10000,13487.60392550955,13487.60392550955,9928.17266176,54,42,0.5625,183.4437871996819,3487.603925509552,0.012,3.160000000000002
10000,13521.495689322019,13521.495689322019,9928.17266176,54,42,0.5625,183.70887122512673,3521.4956893220156,0.012,3.180000000000002
10000,13555.47101447146,13555.47101447146,9928.17266176,54,42,0.5625,183.97444072933033,3555.471014471458,0.012,3.200000000000002
10000,13526.937752185473,13526.937752185473,9928.17266176,53,43,0.5520833333333334,183.41002568516208,3526.937752185481,0.012,3.220000000000002
10000,13560.627531079414,13560.627531079414,9928.17266176,53,43,0.5520833333333334,183.6714164190104,3560.6275310794117,0.012,3.240000000000002
10000,13594.399616872568,13594.399616872568,9928.17266176,53,43,0.5520833333333334,183.93328176110617,3594.399616872562,0.012,3.260000000000002
10000,13489.358169136134,13489.358169136134,9928.17266176,52,44,0.5416666666666666,183.76854266100577,3489.358169136133,0.012,3.280000000000002
10000,13522.305578540803,13522.305578540803,9928.17266176,52,44,0.5416666666666666,184.02839116033,3522.3055785407983,0.012,3.300000000000002
10000,13555.331897100219,13555.331897100219,9928.17266176,52,44,0.5416666666666666,184.28870577928032,3555.331897100216,0.012,3.320000000000002
10000,13588.437310056994,13588.437310056994,9928.17266176,52,44,0.5416666666666666,184.5494873979998,3588.4373100570065,0.012,3.340000000000002
10000,13480.225571265804,13480.225571265804,9928.17266176,51,45,0.53125,183.57045950603128,3480.225571265802,0.012,3.360000000000002
10000,13512.501027142955,13512.501027142955,9928.17266176,51,45,0.53125,183.82414699466727,3512.501027142954,0.012,3.380000000000002
10000,13544.852228016287,13544.852228016287,9928.17266176,51,45,0.53125,184.07827829771645,3544.8522280162847,0.012,3.400000000000002
10000,13577.279348052956,13577.279348052956,9928.17266176,51,45,0.53125,184.3328542328755,3577.2793480529526,0.012,3.420000000000002
10000,13609.782561812342,13609.782561812342,9928.17266176,51,45,0.53125,184.58787561937402,3609.7825618123434,0.012,3.440000000000002
10000,13642.36204424692,13642.36204424692,9928.17266176,51,45,0.53125,184.8433432779765,3642.3620442469187,0.012,3.460000000000002
10000,13675.017970703098,13675.017970703098,9928.17266176,51,45,0.53125,185.0992580309852,3675.0179707030966,0.012,3.480000000000002
10000,13707.750516922106,13707.750516922106,9928.17266176,51,45,0.53125,185.35562070224466,3707.750516922102,0.012,3.500000000000002
10000,13592.750955308702,13592.750955308702,9928.17266176,50,46,0.5208333333333334,185.01910644078953,3592.750955308703,0.012,3.5200000000000022
10000,13624.63500378406,13624.63500378406,9928.17266176,50,46,0.5208333333333334,185.27246407951912,3624.635003784055,0.012,3.5400000000000023
10000,13656.592329515524,13656.592329515524,9928.17266176,50,46,0.5208333333333334,185.52625816384793,3656.5923295155267,0.012,3.5600000000000023
10000,13539.43953749767,13539.43953749767,9928.17266176,49,47,0.5104166666666666,184.9047675277069,3539.439537497677,0.012,3.5800000000000023
10000,13570.548190547435,13570.548190547435,9928.17266176,49,47,0.5104166666666666,185.15384073759927,3570.5481905474408,0.012,3.6000000000000023
10000,13601.72684508893,13601.72684508893,9928.17266176,49,47,0.5104166666666666,185.40333383742217,3601.726845088923,0.012,3.6200000000000023
10000,13632.975655323537,13632.975655323537,9928.17266176,49,47,0.5104166666666666,185.65324756802917,3632.9756553235297,0.012,3.6400000000000023
10000,13512.803998004709,13512.803998004709,9928.17266176,48,48,0.5,185.01531777837263,3512.803998004707,0.012,3.6600000000000024
10000,13392.415668193216,13392.415668193216,9928.17266176,47,49,0.4895833333333333,183.93179547594607,3392.4156681932227,0.012,3.6800000000000024
10000,13271.835522111875,13271.835522111875,9928.17266176,46,50,0.4791666666666667,183.1096038317235,3271.8355221118636,0.012,3.7000000000000024
10000,13151.088245477938,13151.088245477938,9928.17266176,45,51,0.46875,181.61742395578543,3151.088245477934,0.012,3.7200000000000024
10000,13178.786493603699,13178.786493603699,9928.17266176,45,51,0.46875,181.83953559960727,3178.786493603704,0.012,3.7400000000000024
10000,13206.541767170784,13206.541767170784,9928.17266176,45,51,0.46875,182.06198521896331,3206.541767170785,0.012,3.7600000000000025
10000,13234.354180884528,13234.354180884528,9928.17266176,45,51,0.46875,182.28477335054694,3234.354180884534,0.012,3.7800000000000025
10000,13262.223849675605,13262.223849675605,9928.17266176,45,51,0.46875,182.5079005319126,3262.2238496756113,0.012,3.8000000000000025
10000,13290.150888700411,13290.150888700411,9928.17266176,45,51,0.46875,182.73136730147817,3290.150888700405,0.012,3.8200000000000025
10000,13318.13541334147,13318.13541334147,9928.17266176,45,51,0.46875,182.95517419852507,3318.1354133414725,0.012,3.8400000000000025
10000,13346.17753920796,13346.17753920796,9928.17266176,45,51,0.46875,183.1793217632014,3346.1775392079685,0.012,3.8600000000000025
10000,13374.27738213607,13374.27738213607,9928.17266176,45,51,0.46875,183.40381053652152,3374.2773821360734,0.012,3.8800000000000026
10000,13402.435058189441,13402.435058189441,9928.17266176,45,51,0.46875,183.6286410603682,3402.4350581894378,0.012,3.9000000000000026
10000,13430.650683659616,13430.650683659616,9928.17266176,45,51,0.46875,183.85381387749422,3430.65068365961,0.012,3.9200000000000026
10000,13458.924375066497,13458.924375066497,9928.17266176,45,51,0.46875,184.07932953152402,3458.9243750664973,0.012,3.9400000000000026
10000,13328.215474293083,13443.433123629246,9928.17266176,44,52,0.4583333333333333,184.3688048768999,3328.21547429309,0.012,3.9600000000000026
10000,13355.635837974933,13470.85913151974,9928.17266176,44,52,0.4583333333333333,184.59539576312977,3355.6358379749395,0.012,3.9800000000000026
10000,13224.041055572194,13337.899932138396,9928.17266176,43,53,0.4479166666666667,183.31918333950202,3224.0410555721933,0.012,4.000000000000003
10000,12936.265584017445,13047.422602562448,9928.17266176,41,55,0.4270833333333333,181.72808489184942,2936.2655840174352,0.012,4.020000000000002
10000,12961.027172629765,13072.172424229813,9928.17266176,41,55,0.4270833333333333,181.93699116169662,2961.0271726297683,0.012,4.040000000000002
10000,12985.834987676453,13096.968017733621,9928.17266176,41,55,0.4270833333333333,182.14619229372022,2985.834987676454,0.012,4.060000000000001
10000,13010.689113271737,13121.809465548016,9928.17266176,41,55,0.4270833333333333,182.3556887199228,3010.689113271743,0.012,4.080000000000001
10000,13035.589633678965,13146.696850291859,9928.17266176,41,55,0.4270833333333333,182.56548087294453,3035.5896336789615,0.012,4.1000000000000005
10000,12901.620125589,13011.361994713807,9919.558688744182,40,56,0.4166666666666667,180.71632226987666,2901.620125589003,0.012,4.12
10000,12925.695216585307,13035.417985238511,9920.030165598111,40,56,0.4166666666666667,180.9161935790994,2925.6952165853027,0.012,4.14
10000,12791.02890927457,12899.38698734221,9920.501642452038,39,57,0.40625,179.46997071708412,2791.0289092745697,0.012,4.159999999999999
10000,12814.286375277283,12922.619537392731,9920.973119305969,39,57,0.40625,179.66175472970957,2814.2863752772782,0.012,4.179999999999999
10000,12837.585031339582,12945.892827026579,9921.444596159894,39,57,0.40625,179.85379337736416,2837.585031339581,0.012,4.199999999999998
10000,12860.924948466747,12969.20692574791,9921.916073013825,39,57,0.40625,180.04608701132526,2860.9249484667416,0.012,4.219999999999998
